Clave,Concepto,Unidad
1,CASA COMALA L13,
1,PRELIMINARES Y CIMENTACION,
CRTC-CIM-001,"LIMPIA, TRAZO Y NIVELACIÓN MANUAL PARA",M2
,"ESTABLECER EJES, BANCO DE NIVEL Y",
,"REFERENCIAS, INCLUYE: MATERIALES, MANO DE",
,"OBRA, EQUIPO Y HERRAMIENTA.",
CRTC-CIM-002,DESPALME DE TERRENO NATURAL PARA RETIRO,M2
,"DE MATERIAL SUELTO Y MATERIA ORGÁNICA, DE",
,20 CM DE ESPESOR POR MEDIOS MECÁNICOS.,
,INCLUYE: ACAMELLONAMIENTO PARA SU,
,POSTERIOR RETIRO EN CAMIÓN.,
CRTC-CIM-003,CARGA DE MATERIAL PRODUCTO DEL,M3
,"DESPALME, EXCAVACIÓN Y/O LIMPIEZA DE",
,"TERRENO, CON MÁQUINA Y ACARREO EN",
,CAMIÓN VOLTEO A KILÓMETROS,
,SUBSECUENTES AL PRIMERO.,
CRTC-CIM-004,RELLENO DE TERRENO CON MATERIAL DE,M3
,"BANCO, COMPACTADO CON BAILARINA  EN",
,CAPAS NO MAYORES A 20 CM. INCLUYE: VOLTEO,
,"CON PALA, MANO DE OBRA, HERRAMIENTA,",
,"ACARREO, RETIRO DE SOBRANTES FUERA DE",
,OBRA Y TODO LO NECESARIO PARA SU,
,CORRECTA EJECUCION.,
CRTC-CIM-005,EXCAVACIÓN DE CEPAS CON MÁQUINA EN,M3
,"MATERIAL TIPO ""B"", EN SECO O PRESENCIA DE",
,AGUA DE 0.00 A 2.00 M DE PROFUNDIDAD.,
,INCLUYE: AFINE MANUAL DE TALUDES Y FONDO.,
CRTC-CIM-006,PLANTILLA DE CONCRETO SIMPLE F'C=100,M2
,KG/CM2 DE 5 CM DE ESPESOR. INCLUYE: AFINE,
,"DE TERRENO, ACARREOS, TENDIDO,",
,"MATERIALES, MANO DE OBRA Y HERRAMIENTA.",
CRTC-CIM-007,"ZAPATA AISLADA Z-1 DE SECCIÓN 1.20x1.20 M, 25",PZA
,"CM DE PERALTE, A 1.20 M DE PROFUNDIDAD.",
,PARRILLA ARMADA CON VARILLA DE #4 @15 CM,
,"EN AMBOS SENTIDOS, CONCRETO F'C=250",
,"KG/CM2. INCLUYE: MANO DE OBRA, CIMBRADO,",
,DESCIMBRADO Y VIBRADO DE CONCRETO.,
CRTC-CIM-008,ZAPATA AISLADA Z-2 DE SECCIÓN 1.00x1.00 M Y,PZA
,"25 CM DE PERALTE, A 1.20 M DE PROFUNDIDAD.",
,PARRILLA ARMADA CON VARILLA DE #4 @15 CM,
,"EN AMBOS SENTIDOS, CONCRETO F'C=250",
,"KG/CM2. INCLUYE: MANO DE OBRA, CIMBRADO,",
,DESCIMBRADO Y VIBRADO DE CONCRETO.,
CRTC-CIM-009,"ZAPATA CORRIDA ZC-1 DE 1.20 M DE ANCHO, 25",M
,"CM DE PERALTE, 1.20 M DE PROFUNDIDAD;",
,PARRILLA ARMADA CON VARILLA DE #4 @15 CM,
,"EN AMBOS SENTIDOS, CONCRETO F'C=250",
,"KG/CM2. INCLUYE: MANO DE OBRA, CIMBRADO,",
,DESCIMBRADO Y VIBRADO DE CONCRETO.,
CRTC-CIM-010,"ZAPATA CORRIDA ZC-2 DE 1.00 M DE ANCHO, 15",M
,"CM DE PERALTE, 1.10 M DE PROFUNDIDAD, CON",
,DALA DL DE 15x20 CM ARMADA CON 4 VARILLAS,
,DE #3 ESTRIBOS #2 @ 20 CM; PARRILLA ARMADA,
,CON VARILLA DE #3 @15 CM EN AMBOS,
,"SENTIDOS, CONCRETO F'C=250 KG/CM2.",
,"INCLUYE: MANO DE OBRA, CIMBRADO,",
,DESCIMBRADO Y VIBRADO DE CONCRETO.,
CRTC-CIM-011,"ZAPATA CORRIDA ZC-3 DE 0.80 M DE ANCHO, 15",M
,"CM DE PERALTE, 1.10 M DE PROFUNDIDAD CON",
,DALA DL DE 15x20 CM ARMADA CON 4 VARILLAS,
,DE #3 ESTRIBOS #2 @ 20 CM; PARRILLA ARMADA,
,CON VARILLA DE #3 @15 CM EN AMBOS,
,"SENTIDOS, CONCRETO F'C=250 KG/CM2.",
,"INCLUYE: MANO DE OBRA, CIMBRADO,",
,DESCIMBRADO Y VIBRADO DE CONCRETO.,
CRTC-CIM-012,ANCLAJE DE CASTILLO K-a DE SECCIÓN 15x15,PZA
,"CM, CON ARMEX 15x15-4 Y CONCRETO F'C= 150",
,KG/CM2. INCLUYE: SUMINISTRO DE LOS,
,"MATERIALES, ACARREOS, CORTES, TRASLAPES,",
,"AMARRES, DESPERDICIOS, MANO DE OBRA,",
,EQUIPO Y HERRAMIENTA.,
CRTC-CIM-013,ANCLAJE DE CASTILLO K-1 DE SECCIÓN 15x15,PZA
,"CM, ARMADO CON 4 VARILLAS DE #3 Y ESTRIBOS",
,"DE #2 6@10, @20, 6@10 CM Y CONCRETO F'C=",
,150 KG/CM2. INCLUYE: SUMINISTRO DE LOS,
,"MATERIALES, ACARREOS, CORTES, TRASLAPES,",
,"AMARRES, DESPERDICIOS, MANO DE OBRA,",
,EQUIPO Y HERRAMIENTA.,
CRTC-CIM-014,ANCLAJE DE CASTILLO K-3 DE SECCIÓN 15x30,PZA
,"CM, ARMADO CON 6 VARILLAS DE #3 Y ESTRIBOS",
,"DE #2 6@10, @20, 6@10 CM Y CONCRETO F'C=",
,150 KG/CM2. INCLUYE: SUMINISTRO DE LOS,
,"MATERIALES, ACARREOS, CORTES, TRASLAPES,",
,"AMARRES, DESPERDICIOS, MANO DE OBRA,",
,EQUIPO Y HERRAMIENTA.,
CRTC-CIM-015,ANCLAJE DE CASTILLO K-3r DE SECCIÓN 15x30,PZA
,"CM, ARMADO CON 6 VAR. DE #4 Y ESTRIBOS DE",
,"#2 6@10, @20, 6@10 CM, Y CONCRETO F'C= 200",
,KG/CM2. INCLUYE: SUMINISTRO DE LOS,
,"MATERIALES, ACARREOS, CORTES, TRASLAPES,",
,"AMARRES, DESPERDICIOS, MANO DE OBRA,",
,EQUIPO Y HERRAMIENTA.,
CRTC-CIM-016,ANCLAJE DE CASTILLO K-4r DE SECCIÓN 15x40,PZA
,"CM, ARMADO CON 8 VAR. DE #4 Y ESTRIBOS DE",
,"#2 6@10, @20, 6@10 CM, Y CONCRETO F'C= 200",
,KG/CM2. INCLUYE: SUMINISTRO DE LOS,
,"MATERIALES, ACARREOS, CORTES, TRASLAPES,",
,"AMARRES, DESPERDICIOS, MANO DE OBRA,",
,EQUIPO Y HERRAMIENTA.,
CRTC-CIM-017,ANCLAJE DE CASTILLO K-6 DE SECCIÓN 15x60,PZA
,"CM, ARMADO CON 10 VAR. DE #3 Y ESTRIBOS DE",
,"#2 6@10, @20, 6@10 CM, Y CONCRETO F'C= 200",
,KG/CM2. INCLUYE: SUMINISTRO DE LOS,
,"MATERIALES, ACARREOS, CORTES, TRASLAPES,",
,"AMARRES, DESPERDICIOS, MANO DE OBRA,",
,EQUIPO Y HERRAMIENTA.,
CRTC-CIM-018,ANCLAJE DE COLUMNA C-1 DE SECCIÓN 30X30,PZA
,CM ARMADA CON 4 VARILLAS DE #4 Y 4 VARILLAS,
,"DE #3, ESTRIBOS DE #3 (7@10, @20 Y 7@10 CM);",
,CONCRETO F'C= 250 KG/CM˛. INCLUYE:,
,"SUMINISTRO DE LOS MATERIALES, ACARREOS,",
,"CORTES, TRASLAPES, AMARRES, DESPERDICIOS,",
,"MANO DE OBRA, EQUIPO Y HERRAMIENTA.",
CRTC-CIM-019,MURO DE ENRRASE DE 15 CM DE ESPESOR Y,M
,"HASTA 1.00 M DE ALTURA, A BASE DE TABIQUE",
,"DE BARRO ROJO RECOCIDO DE 10x14x28 CM,",
,"ACABADO COMÚN, ASENTADO CON MEZCLA",
,"MORTERO CEM-ARENA EN PROP. 1:5, CON",
,"ESPESOR DE JUNTA DE 2 CM. INCLUYE: FLETES,",
,"SUMINISTRO DE MATERIALES, ACARREOS,",
,"ELABORACIÓN DE MORTERO, CORTES DE",
,"TABICÓN, MOCHETAS, MANO DE OBRA,",
,"HERRAMIENTA, LIMPIEZA, RETIRO DE",
,SOBRANTES FUERA DE LA OBRA Y TODO LO,
,NECESARIO PARA SU CORRECTA EJECUCIÓN.,
CRTC-CIM-020,MURO DE ENRRASE MR1C DE 15 CM DE,M
,"ESPESORY HASTA 1.00 M ALTURA, A BASE DE",
,TABIQUE DE BARRO ROJO RECOCIDO DE,
,"10x14x28 CM, ACABADO COMÚN, ASENTADO CON",
,"MEZCLA MORTERO CEM-ARENA EN PROP. 1:5,",
,CON ESPESOR DE JUNTA DE 2 CM. INCLUYE:,
,"FLETES, SUMINISTRO DE MATERIALES,",
,"ACARREOS, ELABORACIÓN DE MORTERO,",
,"CORTES DE TABICÓN, MOCHETAS, MANO DE",
,"OBRA, HERRAMIENTA, LIMPIEZA, RETIRO DE",
,SOBRANTES FUERA DE LA OBRA Y TODO LO,
,NECESARIO PARA SU CORRECTA EJECUCIÓN.,
CRTC-CIM-021,"CASTILLO DE ENRASE K-a DE SECCIÓN 15x15 CM,",M
,CON ARMEX 15x15-4 Y CONCRETO F'C= 150,
,KG/CM2. INCLUYE: SUMINISTRO DE LOS,
,"MATERIALES, ACARREOS, CORTES, TRASLAPES,",
,"AMARRES, DESPERDICIOS, MANO DE OBRA,",
,EQUIPO Y HERRAMIENTA.,
CRTC-CIM-022,"CASTILLO DE ENRASE K-1 DE SECCIÓN 15x15 CM,",M
,ARMADO CON 4 VARILLAS DE #3 Y ESTRIBOS DE,
,"#2 6@10, @20, 6@10 CM Y CONCRETO F'C= 150",
,KG/CM2. INCLUYE: SUMINISTRO DE LOS,
,"MATERIALES, ACARREOS, CORTES, TRASLAPES,",
,"AMARRES, DESPERDICIOS, MANO DE OBRA,",
,EQUIPO Y HERRAMIENTA.,
CRTC-CIM-023,"CASTILLO DE ENRASE K-3 DE SECCIÓN 15x30 CM,",M
,ARMADO CON 6 VARILLAS DE #3 Y ESTRIBOS DE,
,"#2 6@10, @20, 6@10 CM Y CONCRETO F'C= 150",
,KG/CM2. INCLUYE: SUMINISTRO DE LOS,
,"MATERIALES, ACARREOS, CORTES, TRASLAPES,",
,"AMARRES, DESPERDICIOS, MANO DE OBRA,",
,EQUIPO Y HERRAMIENTA.,
CRTC-CIM-024,CASTILLO DE ENRASE K-3r DE SECCIÓN 15x30,M
,"CM, ARMADO CON 6 VAR. DE #4 Y ESTRIBOS DE",
,"#2 6@10, @20, 6@10 CM, Y CONCRETO F'C= 200",
,KG/CM2. INCLUYE: SUMINISTRO DE LOS,
,"MATERIALES, ACARREOS, CORTES, TRASLAPES,",
,"AMARRES, DESPERDICIOS, MANO DE OBRA,",
,EQUIPO Y HERRAMIENTA.,
CRTC-CIM-025,CASTILLO DE ENRASE K-4r DE SECCIÓN 15x40,M
,"CM, ARMADO CON 8 VAR. DE #4 Y ESTRIBOS DE",
,"#2 6@10, @20, 6@10 CM, Y CONCRETO F'C= 200",
,KG/CM2. INCLUYE: SUMINISTRO DE LOS,
,"MATERIALES, ACARREOS, CORTES, TRASLAPES,",
,"AMARRES, DESPERDICIOS, MANO DE OBRA,",
,EQUIPO Y HERRAMIENTA.,
CRTC-CIM-026,"CASTILLO DE ENRASE K-6 DE SECCIÓN 15x60 CM,",M
,ARMADO CON 10 VAR. DE #3 Y ESTRIBOS DE #2,
,"6@10, @20, 6@10 CM, Y CONCRETO F'C= 200",
,KG/CM2. INCLUYE: SUMINISTRO DE LOS,
,"MATERIALES, ACARREOS, CORTES, TRASLAPES,",
,"AMARRES, DESPERDICIOS, MANO DE OBRA,",
,EQUIPO Y HERRAMIENTA.,
CRTC-CIM-027,ENRASE DE COLUMNA C-1 DE SECCIÓN 30X30 CM,M
,ARMADA CON 4 VARILLAS DE #4 Y 4 VARILLAS DE,
,"#3, ESTRIBOS DE #3 (7@10, @20 Y 7@10 CM);",
,CONCRETO F'C= 250 KG/CM˛. INCLUYE:,
,"SUMINISTRO DE LOS MATERIALES, ACARREOS,",
,"CORTES, TRASLAPES, AMARRES, DESPERDICIOS,",
,"MANO DE OBRA, EQUIPO Y HERRAMIENTA.",
CRTC-CIM-028,"TRABE DE LIGA TL-01 DE 0.20 x 0.40 M, DE",M
,"CONCRETO F´C= 250 KG/CM2, ARMADA CON 3",
,"VAR. DE #4"" EN EL LECHO SUPERIOR Y 2",
,"VARILLAS DE #4 EN LECHO INFERIOR, ESTRIBOS",
,"DE #3 @10 CM, 20 CM Y 10 CM. INCLUYE: MANO",
,"DE OBRA, EQUIPO, HERRAMIENTA Y CIMBRA.",
CRTC-CIM-029,"DALA DL DE SECCIÓN 15X20 CM, ARMADA CON 4",M
,VARILLAS DE #3 ESTRIBOS #2 @ 20 CM Y,
,CONCRETO F'C= 200 KG/CM2. INCLUYE:,
,"SUMINISTRO DE LOS MATERIALES, ACARREOS,",
,"CORTES, TRASLAPES, AMARRES, DESPERDICIOS,",
,"MANO DE OBRA, EQUIPO Y HERRAMIENTA.",
CRTC-CIM-030,RELLENO DE CEPAS CON MATERIAL PRODUCTO,M3
,DE LA EXCAVACIÓN EN CAPAS NO MAYORES A 20,
,CM; COMPACTADO CON PISÓN DE MANO.,
,"INCLUYE: VOLTEO CON PALA, MANO DE OBRA,",
,"HERRAMIENTA, ACARREO, RETIRO DE SOBRANTE",
,FUERA DE OBRA Y TODO LO NECESARIO PARA,
,SU CORRECTA EJECUCIÓN.,
CRTC-CIM-031,CARGA DE MATERIAL PRODUCTO DE,VIAJE
,"EXCAVACIÓN Y/O LIMPIEZA DE TERRENO, CON",
,MÁQUINA Y ACARREO EN CAMIÓN VOLTEO A,
,KILÓMETROS SUBSECUENTES AL PRIMERO.,
CRTC-CIM-032,SUMINISTRO Y COLOCACION DE,M
,IMPERMEABILIZANTE SELLOTEX HASTA 1.00 M DE,
,"ALTURA, INCLUYE SUMINISTRO DE MATERIALES,",
,"MANO DE OBRA, HERRAMIENTA Y TODO LO",
,NECESARIO PARA SU CORRECTA EJECUCIÓN.,
1,TOTAL PRELIMINARES Y CIMENTACION,
2,ALBAŃILERÍA OBRA NEGRA,
CRTC-ALBN-001,"CASTILLO K-a DE SECCIÓN 15x15 CM, CON",M
,ARMEX 15x15-4 Y CONCRETO F'C= 150 KG/CM2.,
,"INCLUYE: SUMINISTRO DE LOS MATERIALES,",
,"ACARREOS, CORTES, TRASLAPES, AMARRES,",
,"DESPERDICIOS, MANO DE OBRA, EQUIPO Y",
,HERRAMIENTA.,
CRTC-ALBN-002,"CASTILLO K-1 DE SECCIÓN 15x15 CM, ARMADO",M
,"CON 4 VAR. DE #3 Y ESTRIBOS DE #2 (6@10, @20,",
,"6@10 CM), Y CONCRETO F'C= 150 KG/CM2.",
,"INCLUYE: SUMINISTRO DE LOS MATERIALES,",
,"ACARREOS, CORTES, TRASLAPES, AMARRES,",
,"DESPERDICIOS, MANO DE OBRA, EQUIPO Y",
,HERRAMIENTA.,
CRTC-ALBN-003,"CASTILLO K-3 DE SECCIÓN 15x30 CM, ARMADO",M
,"CON 6 VAR. DE #3 Y ESTRIBOS DE #2 @10, 20, 10",
,"CM, Y CONCRETO F'C= 200 KG/CM2. INCLUYE:",
,"SUMINISTRO DE LOS MATERIALES, ACARREOS,",
,"CORTES, TRASLAPES, AMARRES, DESPERDICIOS,",
,"MANO DE OBRA, EQUIPO Y HERRAMIENTA.",
CRTC-ALBN-004,"CASTILLO K-3r DE SECCIÓN 15x30 CM, ARMADO",M
,"CON 6 VAR. DE #4 Y ESTRIBOS DE #2 @10, 20, 10",
,"CM, Y CONCRETO F'C= 200 KG/CM2. INCLUYE:",
,"SUMINISTRO DE LOS MATERIALES, ACARREOS,",
,"CORTES, TRASLAPES, AMARRES, DESPERDICIOS,",
,"MANO DE OBRA, EQUIPO Y HERRAMIENTA.",
CRTC-ALBN-005,"CASTILLO K-4r DE SECCIÓN 15x40CM, ARMADO",M
,"CON 8 VAR. DE #4 Y ESTRIBOS DE #2 @10, 20, 10",
,"CM, Y CONCRETO F'C= 200 KG/CM2. INCLUYE:",
,"SUMINISTRO DE LOS MATERIALES, ACARREOS,",
,"CORTES, TRASLAPES, AMARRES, DESPERDICIOS,",
,"MANO DE OBRA, EQUIPO Y HERRAMIENTA.",
CRTC-ALBN-006,"CASTILLO K-6 DE SECCIÓN 15x60CM, ARMADO",M
,"CON 10 VAR. DE #3 Y ESTRIBOS DE #2 @10, 20, 10",
,"CM, Y CONCRETO F'C= 200 KG/CM2. INCLUYE:",
,"SUMINISTRO DE LOS MATERIALES, ACARREOS,",
,"CORTES, TRASLAPES, AMARRES, DESPERDICIOS,",
,"MANO DE OBRA, EQUIPO Y HERRAMIENTA.",
CRTC-ALBN-007,REFUERZO PARA BAJANTE CON CASTILLO K-a DE,PZA
,"SECCIÓN 15x15 CM, DE ARMEX 15x15-4 Y",
,"CONCRETO F'C= 150 KG/CM2, COLADO DE",
,BAJANTE Y MALLA POLLERA EN AMBAS CARAS,
,"DE MURO EN SECCIÓN DE 50 CM DE ANCHO,",
,HASTA UNA ALTURA DE 3M. INCLUYE:,
,"SUMINISTRO DE LOS MATERIALES, ACARREOS,",
,"CORTES, TRASLAPES, AMARRES, DESPERDICIOS,",
,"MANO DE OBRA, EQUIPO Y HERRAMIENTA.",
CRTC-ALBN-008,ENCAMISADO DE TUBO PARA GAS EN TUBO DE,PZA
,"PVC DE 3"" Y CON CASTILLO K-a DE SECCIÓN",
,"15x15 CM, CON ARMEX 15x15-4, CONCRETO F'C=",
,150 KG/CM2 Y MALLA POLLERA EN AMBAS CARAS,
,DE MURO EN SECCIÓN DE HASTA 50 CM DE,
,ANCHO. A 3 METRO DE ALTURA. INCLUYE:,
,"SUMINISTRO DE LOS MATERIALES, ACARREOS,",
,"CORTES, TRASLAPES, AMARRES, DESPERDICIOS,",
,"MANO DE OBRA, EQUIPO Y HERRAMIENTA.",
CRTC-ALBN-009,COLUMNA C-1 DE SECCIÓN 30X30 CM ARMADA,M
,CON 4 VARILLAS DE #4 Y 4 VARILLAS DE #3,
,"ESTRIBOS DE #3 (7@10, @20 Y 7@10 CM);",
,CONCRETO F'C= 250 KG/CM˛. INCLUYE:,
,"SUMINISTRO DE LOS MATERIALES, ACARREOS,",
,"CORTES, TRASLAPES, AMARRES, DESPERDICIOS,",
,"MANO DE OBRA, EQUIPO Y HERRAMIENTA.",
CRTC-ALBN-010,MURO DE 15CM DE TABIQUE DE BARRO ROJO,M2
,"RECOCIDO DE 10X14X28 CM, ACABADO COMÚN,",
,ASENTADO CON MEZCLA MORTERO CEM-ARENA,
,"EN PROP. 1:5, CON ESPESOR DE JUNTA 2 CM.",
,"INCLUYE: FLETES, SUMINISTRO DE MATERIALES,",
,"ACARREOS, ELABORACIÓN DE MORTERO,",
,"CORTES DE TABICÓN, MOCHETAS, MANO DE",
,"OBRA, HERRAMIENTA Y TODO LO NECESARIO",
,PARA SU CORRECTA EJECUCIÓN.,
CRTC-ALBN-011,MURO REFORZADO MR1-C DE TABIQUE DE,M2
,"BARRO ROJO RECOCIDO DE 10 x 14 x 28 CM, DE",
,"28 CMS DE ESPESOR, ACABADO COMÚN,",
,ASENTADO CON MEZCLA MORTERO CEM-ARENA,
,"EN PROP. 1:5, CON ESPESOR DE JUNTA 2 CM Y",
,REFUERZO A UNA CARA CON MALLA,
,ELECTROSOLDADA 6X6/10-10 (VER DETALLE).,
,"INCLUYE: FLETES, SUMINISTRO DE MATERIALES,",
,"ACARREOS, ELABORACIÓN DE MORTERO,",
,"CORTES DE TABICÓN, MOCHETAS, MANO DE",
,"OBRA, RETIRO DE SOBRANTES FUERA DE LA",
,"OBRA Y HERRAMIENTA, LIMPIEZA, RETIRO DE",
,SOBRANTES FUERA DE LA OBRA Y TODO LO,
,NECESARIO PARA SU CORRECTA EJECUCIÓN.,
CRTC-ALBN-012,MURO DE CERRAMIENTO REFORZADO MR1-C DE,M2
,TABIQUE DE BARRO ROJO RECOCIDO DE 10 x 14,
,"x 28 CM, DE 28 CMS DE ESPESOR, ACABADO",
,"COMÚN, ASENTADO CON MEZCLA MORTERO",
,"CEM-ARENA EN PROP. 1:5, CON ESPESOR DE",
,JUNTA 2 CM Y REFUERZO A UNA CARA CON,
,MALLA ELECTROSOLDADA 6X6/10-10 (VER,
,"DETALLE). INCLUYE: FLETES, SUMINISTRO DE",
,"MATERIALES, ACARREOS, ELABORACIÓN DE",
,"MORTERO, CORTES DE TABICÓN, MOCHETAS,",
,"MANO DE OBRA, RETIRO DE SOBRANTES FUERA",
,"DE LA OBRA Y HERRAMIENTA, LIMPIEZA, RETIRO",
,DE SOBRANTES FUERA DE LA OBRA Y TODO LO,
,NECESARIO PARA SU CORRECTA EJECUCIÓN.,
CRTC-ALBN-013,"DALA DL-1 DE SECCIÓN 15X20 CM, ARMADA CON",M
,4 VARILLAS DE #3 EN LECHO SUPERIOR Y 2,
,"VARILLAS DE #4 EN LECHO INFERIOR, CON",
,ESTRIBOS DE #2 @ 20 CM Y CONCRETO F'C= 200,
,KG/CM2. INCLUYE: SUMINISTRO DE LOS,
,"MATERIALES, ACARREOS, CORTES, TRASLAPES,",
,"AMARRES, DESPERDICIOS, MANO DE OBRA,",
,EQUIPO Y HERRAMIENTA.,
CRTC-ALBN-015,"DALA DL-28 DE SECCIÓN 20X28 CM, ARMADA CON",M
,"6 VARILLAS DE #3 , CON ESTRIBOS DE #2 @ 20",
,CM Y CONCRETO F'C= 200 KG/CM2. INCLUYE:,
,"SUMINISTRO DE LOS MATERIALES, ACARREOS,",
,"CORTES, TRASLAPES, AMARRES, DESPERDICIOS,",
,"MANO DE OBRA, EQUIPO Y HERRAMIENTA.",
CRTC-ALBN-016,MURO DE ENRRASE DE 15 CM DE ESPESOR Y,M
,"HASTA 1.00 M DE ALTURA, A BASE DE TABIQUE",
,"DE BARRO ROJO RECOCIDO DE 10x14x28 CM,",
,"ACABADO COMÚN, ASENTADO CON MEZCLA",
,"MORTERO CEM-ARENA EN PROP. 1:5, CON",
,"ESPESOR DE JUNTA DE 2 CM. INCLUYE: FLETES,",
,"SUMINISTRO DE MATERIALES, ACARREOS,",
,"ELABORACIÓN DE MORTERO, CORTES DE",
,"TABICÓN, MOCHETAS, MANO DE OBRA,",
,"HERRAMIENTA, LIMPIEZA, RETIRO DE",
,SOBRANTES FUERA DE LA OBRA Y TODO LO,
,NECESARIO PARA SU CORRECTA EJECUCIÓN.,
CRTC-ALBN-017,MURO DE ENRRASE MR1C DE 15 CM DE,M
,"ESPESORY HASTA 1.00 M ALTURA, A BASE DE",
,TABIQUE DE BARRO ROJO RECOCIDO DE,
,"10x14x28 CM, ACABADO COMÚN, ASENTADO CON",
,"MEZCLA MORTERO CEM-ARENA EN PROP. 1:5,",
,CON ESPESOR DE JUNTA DE 2 CM. INCLUYE:,
,"FLETES, SUMINISTRO DE MATERIALES,",
,"ACARREOS, ELABORACIÓN DE MORTERO,",
,"CORTES DE TABICÓN, MOCHETAS, MANO DE",
,"OBRA, HERRAMIENTA, LIMPIEZA, RETIRO DE",
,SOBRANTES FUERA DE LA OBRA Y TODO LO,
,NECESARIO PARA SU CORRECTA EJECUCIÓN.,
CRTC-ALBN-018,TRABE T-2 DE CONCRETO F´C= 250 KG/CM2 DE,M
,"DIMENSIONES 10x15 CM, ARMADA CON 2",
,"VARILLAS DE #3 EN LECHO SUPERIOR, 2",
,VARILLAS DE #4 EN EL LECHO INFERIOR Y 2,
,VARILLAS DE #3 EN LECHO INFERIOR; CON,
,"ESTRIBOS Y GRAPAS DE 3/8, @ 10-20-10 CM.",
,"INCLUYE: MATERIALES, ACARREOS, CORTES,",
,"DESPERDICIOS, TRASLAPES, AMARRES,",
,"CIMBRADO, COLADO, DESCIMBRADO, MANO DE",
,"OBRA, EQUIPO Y HERRAMIENTA.",
CRTC-ALBN-019,TRABE T-3 DE CONCRETO F´C= 250 KG/CM2 DE,M
,"DIMENSIONES 20x25 CM, ARMADA CON 2",
,"VARILLAS DE #3 EN LECHO SUPERIOR , 1 VARILLA",
,DE #3 EN EL LECHO INFERIOR Y 2 VARILLAS DE,
,#4 EN LECHO INFERIOR; CON ESTRIBOS Y,
,"GRAPAS DE 3/8, @ 10-20-10 CM. INCLUYE:",
,"MATERIALES, ACARREOS, CORTES,",
,"DESPERDICIOS, TRASLAPES, AMARRES,",
,"CIMBRADO, COLADO, DESCIMBRADO, MANO DE",
,"OBRA, EQUIPO Y HERRAMIENTA.",
CRTC-ALBN-020,TRABE T-4 DE CONCRETO F´C= 250 KG/CM2 DE,M
,"DIMENSIONES 10X17 CM, ARMADA CON 2",
,"VARILLAS DE #4 EN EL LECHO SUPERIOR, 2",
,VARILLAS DE #3 EN LA PARTE MEDIA Y 2,
,VARILLAS DEL #6 EN EL LECHO INFERIOR; CON,
,"ESTRIBOS Y GRAPAS DE 3/8, @ 10-20-10 CM.",
,"INCLUYE: MATERIALES, ACARREOS, CORTES,",
,"DESPERDICIOS, TRASLAPES, AMARRES,",
,"CIMBRADO, COLADO, DESCIMBRADO, MANO DE",
,"OBRA, EQUIPO Y HERRAMIENTA.",
CRTC-ALBN-021,FIRME DE CONCRETO ARMADO DE 8 CM DE,M2
,"ESPESOR, CONCRETO F'C=150 KG/CM2,",
,ACABADO ESCOBILLADO FINO. INCLUYE:,
,"PREPARACION DE LA SUPERFICIE, MATERIAL,",
,"MANO DE OBRA, HERRAMIENTAS, ACARREOS",
,"LOCALES, LIMPIEZA Y RETIRO DE SOBRANTES",
,FUERA DE LA OBRA.,
CRTC-ALBN-022,CIMBRA PERIMETRAL EN LOSA DE 10 CM DE,M
,"ESPESOR, INCLUYE SUMINISTRO DE",
,"MATERIALES, MANO DE OBRA Y HERRAMIENTAS.",
CRTC-ALBN-023,LOSA DE CONCRETO F´C 250 KG/CM2 DE 10 CM,M2
,"DE ESPESOR, ARMADA CON VARILLA DE 3/8"" @",
,"20 CMS EN AMBOS SENTIDOS, INCLUYE:",
,"VAYONETEADO DE VARILLAS,BASTONES SEGÚN",
,"PLANO ESTRUCTURAL, CIMBRADO Y",
,"DESCIMBRADO, VIBRADO DE CONCRETO,",
,CURADO DE LOSA.,
CRTC-ALBN-024,JUNTA CONSTRUCTIVA EN CASTILLOS DE 15 CM,M
,"A BASE DE CELOTEX, INCLUYE SUMINISTRO DE",
,"MATERIALES, MANO DE OBRA Y HERRAMIENTA.",
CRTC-ALBN-025,"REPISÓN DE DIMENSIONES 1.00 x 0.60 M, HECHO",PZA
,DE CONCRETO F´C= 100 KG/CM2. INCLUYE:,
,"PREPARACION DE LA SUPERFICIE, CIMBRADO Y",
,"DESCIMBRADO, MATERIAL, MANO DE OBRA,",
,"HERRAMIENTAS, ACARREOS LOCALES, LIMPIEZA",
,Y RETIRO DE SOBRANTES FUERA DE LA OBRA.,
,NOTA: CLOSET DE BLANCOS.,
CRTC-ALBN-026,"REPISÓN DE DIMENSIONES 2.75 x 0.60 M, HECHO",PZA
,DE CONCRETO F´C= 100 KG/CM2. INCLUYE:,
,"PREPARACION DE LA SUPERFICIE, CIMBRADO Y",
,"DESCIMBRADO, MATERIAL, MANO DE OBRA,",
,"HERRAMIENTAS, ACARREOS LOCALES, LIMPIEZA",
,Y RETIRO DE SOBRANTES FUERA DE LA OBRA.,
,NOTA: CLOSET RECÁMARA 1.,
CRTC-ALBN-027,"REPISÓN DE DIMENSIONES 2.00 x 0.50 M, HECHO",PZA
,DE CONCRETO F´C= 100 KG/CM2. INCLUYE:,
,"PREPARACION DE LA SUPERFICIE, CIMBRADO Y",
,"DESCIMBRADO, MATERIAL, MANO DE OBRA,",
,"HERRAMIENTAS, ACARREOS LOCALES, LIMPIEZA",
,Y RETIRO DE SOBRANTES FUERA DE LA OBRA.,
,NOTA: CLOSET RECÁMARA 2.,
CRTC-ALBN-028,"REPISÓN DE DIMENSIONES 1.75 x 0.90M, HECHO",PZA
,DE CONCRETO F´C= 100 KG/CM2. INCLUYE:,
,"PREPARACION DE LA SUPERFICIE, CIMBRADO Y",
,"DESCIMBRADO, MATERIAL, MANO DE OBRA,",
,"HERRAMIENTAS, ACARREOS LOCALES, LIMPIEZA",
,Y RETIRO DE SOBRANTES FUERA DE LA OBRA.,
,NOTA: ISLA DE COCINA.,
CRTC-ALBN-029,"REPISÓN DE DIMENSIONES 2.00 x 0.60M, HECHO",PZA
,DE CONCRETO F´C= 100 KG/CM2. INCLUYE:,
,"PREPARACION DE LA SUPERFICIE, CIMBRADO Y",
,"DESCIMBRADO, MATERIAL, MANO DE OBRA,",
,"HERRAMIENTAS, ACARREOS LOCALES, LIMPIEZA",
,Y RETIRO DE SOBRANTES FUERA DE LA OBRA.,
,NOTA: BARRA DE COCINA.,
CRTC-ALBN-030,BARRA DE CONCRETO ARMADO DE 0.90 x 0.50 M,PZA
,"Y 8 CM DE ESPESOR, A BASE DE CONCRETO F´C=",
,"150 KG/CM2, ARMADA CON VARILLA DE 3/8"" @20",
,"CM, CON TERMINADO APARENTE. INCLUYE:",
,"MATERIALES, MANO DE OBRA, HERRAMIENRA Y",
,EQUIPO. NOTA: BAŃO RECÁMARA 1.,
CRTC-ALBN-031,BARRA DE CONCRETO ARMADO DE 1.00 x 0.60 M,PZA
,"Y 8 CM DE ESPESOR, A BASE DE CONCRETO F´C=",
,"150 KG/CM2, ARMADA CON VARILLA DE 3/8"" @20",
,"CM, CON TERMINADO APARENTE. INCLUYE:",
,"MATERIALES, MANO DE OBRA, HERRAMIENRA Y",
,EQUIPO. NOTA: RECAMARA 2.,
CRTC-ALBN-032,BARRA DE CONCRETO ARMADO DE 0.60 x 0.60 M,PZA
,"Y 8 CM DE ESPESOR, A BASE DE CONCRETO F´C=",
,"150 KG/CM2, ARMADA CON VARILLA DE 3/8"" @20",
,"CM, CON TERMINADO APARENTE. INCLUYE:",
,"MATERIALES, MANO DE OBRA, HERRAMIENRA Y",
,EQUIPO. NOTA: BAŃO DE VISITAS.,
CRTC-ALBN-033,BARRA DE CONCRETO ARMADO DE 2.00 x 0.60 M,PZA
,"Y 8 CM DE ESPESOR, A BASE DE CONCRETO F´C=",
,"150 KG/CM2, ARMADA CON VARILLA DE 3/8"" @20",
,"CM, CON TERMINADO APARENTE. INCLUYE:",
,"MATERIALES, MANO DE OBRA, HERRAMIENRA Y",
,EQUIPO. NOTA: BARRA DE COCINA.,
CRTC-ALBN-034,GUARNICIÓN DE CONCRETO DE 15 x 30 CM DE,M
,"CONCRETO HECHO EN OBRA DE F'C=150 KG/CM2,",
,ARMADO CON ARMEX 15x20-4. INCLUYE:,
,"MATERIALES, ACARREOS EN CARRETILLA,",
,"CORTES, TRASLAPES, DESPERDICIOS,",
,"HABILITADO, CIMBRADO ACABADO COMÚN,",
,"DESCIMBRADO, LIMPIEZA, EQUIPO Y",
,HERRAMIENTA. NOTA: FIRME POSTERIOR,
CRTC-ALBN-035,ELABORACION DE JABONERA 0.30 M DE LARGO,PZA
,"POR 0.35 M DE ALTO; INCLUYE:MATERIAL, MANO",
,"DE OBRA, HERRAMIENTAS, ACARREOS LOCALES,",
,LIMPIEZA Y RETIRO DE SOBRANTES FUERA DE LA,
,OBRA. NOTA: BAŃO RECÁMARA 2,
CRTC-ALBN-036,ELABORACION DE JABONERA DE 1.58 M DE,PZA
,LARGO POR 0.30 M DE ALTO; INCLUYE:,
,"MATERIAL, MANO DE OBRA, HERRAMIENTAS,",
,"ACARREOS LOCALES, LIMPIEZA Y RETIRO DE",
,SOBRANTES FUERA DE LA OBRA. NOTA: BAŃO,
,RECÁMARA 1,
CRTC-ALBN-037,ELABORACION DE DOMO EN BAŃO DE VISITA DE,PZA
,0.90 X 0.40 M DE 0.30 DE ALTURA A NIVEL DE,
,"PRETIL. INCLUYE, ENJARRE, BOQUILLA, YESO",
,"MATERIALES, MANO DE OBRA, HERRAMIENRA Y",
,EQUIPO.,
2,TOTAL ALBAŃILERÍA OBRA NEGRA,
3,ALBAŃILERÍA OBRA GRIS,
CRTC-AOG-001,APLANADO EN MUROS CON MORTERO,M2
,"CEMENTO-ARENA 1:5 DE 2.5 CMS. DE ESPESOR,",
,"PROMEDIO, ACABADO FLOTEADO FINO, INCLUYE:",
,"PREPARACION DE LA SUPERFICIE, PERFILADO",
,"DE ARISTAS, BICELES, BOQUILLAS, CHAFLANES,",
,"GOTEROS, MATERIALES, MANO DE OBRA,",
,"HERRAMIENTA, ANDAMIOS, LIMPIEZA Y RETIRO",
,DE SOBRANTES.,
CRTC-AOG-002,APLANADO EN PLAFONES CON MORTERO,M2
,"CEMENTO-ARENA 1:5 DE 2.5 CMS. DE ESPESOR,",
,"PROMEDIO, ACABADO FLOTEADO FINO, INCLUYE:",
,"PREPARACION DE LA SUPERFICIE, PERFILADO",
,"DE ARISTAS, BICELES, BOQUILLAS, CHAFLANES,",
,"GOTEROS, MATERIALES, MANO DE OBRA,",
,"HERRAMIENTA, ANDAMIOS, LIMPIEZA Y RETIRO",
,DE SOBRANTES.,
CRTC-AOG-003,APLANADO EN PLAFONES CON YESO 2.5 CM DE,M2
,"ESPESOR PROMEDIO, ACABADO FLOTEADO",
,"FINO, INCLUYE: PREPARACION DE LA",
,"SUPERFICIE, PERFILADO DE ARISTAS, BICELES,",
,"BOQUILLAS, CHAFLANES, GOTEROS,",
,"MATERIALES, MANO DE OBRA, HERRAMIENTA,",
,"ANDAMIOS, LIMPIEZA Y RETIRO DE SOBRANTES.",
CRTC-AOG-004,"BOQUILLA EN MUROS DE HASTA 18 CM,",M
,"ACABADO FLOTEADO FINO , CON MEZCLA",
,"CEMENTO ARENA 1:4, INCLUYE: MATERIALES,",
,"MANO DE OBRA, EQUIPO Y HERRAMIENTA.",
CRTC-AOG-005,"BOQUILLA EN MUROS DE HASTA 32 CM,",M
,"ACABADO FLOTEADO FINO, CON MEZCLA",
,"CEMENTO ARENA 1:4, INCLUYE: MATERIALES,",
,"MANO DE OBRA, EQUIPO Y HERRAMIENTA.",
3,TOTAL ALBAŃILERÍA OBRA GRIS,
4,AZOTEA,
CRTC-AZ-001,BASE PARA TINACO DE 1.2 X 1.20 M Y 10 CM. DE,PZA
,"ESPESOR, DE CONCRETO APARENTE DE F'C=150",
,"KG/CM2, SOBRE MUROS DE TABIQUE 10X14X28",
,"CM, ASENTADO CON MEZCLA CEMENTO ARENA",
,"EN PROPORCIÓN DE 1:5, INCLUYE: SUMINISTRO",
,"DE MATERIALES, ACARREOS, ELEVACIONES,",
,"DESPERDICIOS, HABILITADO, CIMBRADO,",
,"DESCIMBRADO, LIMPIEZA, MANO DE OBRA,",
,EQUIPO Y HERRAMIENTA.,
CRTC-AZ-002,"PRETIL DE 14 CM DE ESPESOR, 0.30 A 0.80 M DE",M
,"ALTURA, DE TABIQUE DE 10X14X28 CM.,",
,"ASENTADO CON MEZCLA CEMENTO ARENA 1:5,",
,"ACABADO COMÚN, INCLUYE: MATERIALES, MANO",
,"DE OBRA, EQUIPO Y HERRAMIENTA.",
CRTC-AZ-003,MURO DE 15CM DE TABIQUE DE BARRO ROJO,M2
,"RECOCIDO DE 10X14X28 CM, ACABADO COMÚN,",
,ASENTADO CON MEZCLA MORTERO CEM-ARENA,
,"EN PROP. 1:5, CON ESPESOR DE JUNTA 2CM.",
,"INCLUYE: FLETES, SUMINISTRO DE MATERIALES,",
,"ACARREOS, ELABORACIÓN DE MORTERO,",
,"CORTES DE TABICÓN, MOCHETAS, MANO DE",
,"OBRA, HERRAMIENTA, LIMPIEZA, RETIRO DE",
,SOBRANTES FUERA DE LA OBRA Y TODO LO,
,NECESARIO PARA SU CORRECTA EJECUCIÓN.,
CRTC-AZ-004,APLANADO EN PRETILES CON MORTERO,M
,"CEMENTO-ARENA 1:5 DE 2.5 CMS. DE ESPESOR,",
,"PROMEDIO, ACABADO FLOTEADO FINO, INCLUYE:",
,"PREPARACION DE LA SUPERFICIE, PERFILADO",
,"DE ARISTAS, BICELES, BOQUILLAS, CHAFLANES,",
,"GOTEROS, MATERIALES, MANO DE OBRA,",
,"HERRAMIENTA, ANDAMIOS, LIMPIEZA Y RETIRO",
,DE SOBRANTES.,
CRTC-AZ-005,APLANADO EN MUROS CON MORTERO,M2
,"CEMENTO-ARENA 1:5 DE 2.5 CMS. DE ESPESOR,",
,"PROMEDIO, ACABADO FLOTEADO FINO, INCLUYE:",
,"PREPARACION DE LA SUPERFICIE, PERFILADO",
,"DE ARISTAS, BICELES, BOQUILLAS, CHAFLANES,",
,"GOTEROS, MATERIALES, MANO DE OBRA,",
,"HERRAMIENTA, ANDAMIOS, LIMPIEZA Y RETIRO",
,DE SOBRANTES.,
CRTC-AZ-006,BOQUILLA DE APLANADO ACABADO FINO HASTA,M
,"21 CMS DE ANCHO, CON MEZCLA CEMENTO",
,"ARENA EN PROPORCIÓN DE 1:5, INCLUYE:",
,"SUMINISTRO DE MATERIALES, ACARREOS,",
,"ANDAMIOS, LIMPIEZA, MANO DE OBRA, EQUIPO Y",
,HERRAMIENTA.,
CRTC-AZ-007,"ENTORTADO PARA DESNIVEL, DE 1 A 10 CMS A",M2
,"BASE DE JAL, Y CEMENTO ARENA. INCLUYE:",
,"TRAZO, NIVELACION, SUMINISTRO DE",
,"MATERIALES, ACARREOS, ELEVACIÓN, MANO DE",
,"OBRA, EQUIPO Y HERRAMIENTA.",
CRTC-AZ-008,ZABALETA EN PRETIL DE CHAFLAN DE 10 CM,M
,ELABORADO CON MORTERO CEM-ARENA PROP.,
,"1:5. INCLUYE: MATERIAL, MANO DE OBRA,",
,"DESPERDICIO, LIMPIEZA, ELEVACIÓN DE",
,MATERIAL Y TODO LO NECESARIO PARA SU,
,CORRECTA EJECUCIÓN.,
CRTC-AZ-009,IMPERMEABILIZANTE MARCA PASA DE,M2
,POLIESTER DE 3.5 MM DE 8 AŃOS. INCLUYE:,
,"SUMINISTRO Y APLICACIÓN, PREPARACION Y",
,"LIMPIEZA DE SUPERFICIE, MATERIALES,",
,"ACARREOS, ELEVACIÓN, DESPERDICIO, MANO",
,"DE OBRA, EQUIPO Y HERRAMIENTA.",
CRTC-AZ-010,IMPERMEABILIZANTE ACRILICO EN PRETILES Y,M
,"BOQUILLAS, MARCA BEREL 5 AŃOS",
4,TOTAL AZOTEA,
5,ESTRUCTURA METALICA,
CRTC-EM-001,ESTRUCTURA METÁLICA PARA INSTALACION DE,KG
,CUBIERTA DE CEMPANEL A UNA CARA. INCLUYE:,
,"MATERIALES, ACAREOS, ELEVACIÓN, FIJACIÓN,",
,"SELLADO, MANO DE OBRA, EQUIPO Y",
,HERAMIENTA. NOTA: CUBIERTA EN ACCESO,
,PRINCIPAL,
CRTC-EM-002,BOQUILLAS DE CEMPANEL PARA CUBIERTA EN,ML
,"ACCESO PRINCIPAL INCLUYE: MATERIALES,",
,"ACAREOS, ELEVACIÓN, FIJACIÓN, SELLADO,",
,"MANO DE OBRA, EQUIPO Y HERAMIENTA.",
CRTC-EM-003,MUROS DE CEMPANEL PARA CUBIERTA EN,ML
,"ACCESO PRINCIPAL INCLUYE: MATERIALES,",
,"ACAREOS, ELEVACIÓN, FIJACIÓN, SELLADO,",
,"MANO DE OBRA, EQUIPO Y HERAMIENTA.",
CRTC-EM-004,PLAFON DE CEMPANEL PARA CUBIERTA EN,M2
,"ACCESO PRINCIPAL INCLUYE: MATERIALES,",
,"ACAREOS, ELEVACIÓN, FIJACIÓN, SELLADO,",
,"MANO DE OBRA, EQUIPO Y HERAMIENTA.",
CRTC-EM-020,"PUERTA PRINCIPAL METÁLICA, DIMENSIONES",PZA
,"1.6x2.5 M SEGUN DISEŃO, CONFORMADO CON",
,"PERFILES DE DIFERENTE CALIBRE, LAMINA LISA",
,"CALIBRE 18, INCLUYE: CRISTALES, FONDO",
,"ANTICORROSIVO, PINTURA ESMALTE, CHAPAS,",
,"MANO DE OBRA, EQUIPO Y HERRAMIENTA",
5,TOTAL ESTRUCTURA METALICA,
6,OBRA NEGRA EXTERIOR,
CRTC-AONE-001,MURO DE 15CM DE TABIQUE DE BARRO ROJO,M2
,"RECOCIDO DE 10X14X28 CM, ACABADO COMÚN,",
,ASENTADO CON MEZCLA MORTERO CEM-ARENA,
,"EN PROP. 1:5, CON ESPESOR DE JUNTA 2CM.",
,"INCLUYE: FLETES, SUMINISTRO DE MATERIALES,",
,"ACARREOS, ELABORACIÓN DE MORTERO,",
,"CORTES DE TABICÓN, MOCHETAS, MANO DE",
,"OBRA, HERRAMIENTA, LIMPIEZA, RETIRO DE",
,SOBRANTES FUERA DE LA OBRA Y TODO LO,
,NECESARIO PARA SU CORRECTA EJECUCIÓN.,
CRTC-AONE-002,"CASTILLO K-a DE SECCIÓN 15x15 CM, CON",M
,ARMEX 15x15-4 Y CONCRETO F'C= 150 KG/CM2.,
,"INCLUYE: SUMINISTRO DE LOS MATERIALES,",
,"ACARREOS, CORTES, TRASLAPES, AMARRES,",
,"DESPERDICIOS, MANO DE OBRA, EQUIPO Y",
,HERRAMIENTA.,
CRTC-AONE-003,"DALA DL-1 DE SECCIÓN 15X20 CM, ARMADA CON",M
,4 VARILLAS DE #3 EN LECHO SUPERIOR Y 2,
,"VARILLAS DE #4 EN LECHO INFERIOR, CON",
,ESTRIBOS DE #2 @ 20 CM Y CONCRETO F'C= 200,
,KG/CM2. INCLUYE: SUMINISTRO DE LOS,
,"MATERIALES, ACARREOS, CORTES, TRASLAPES,",
,"AMARRES, DESPERDICIOS, MANO DE OBRA,",
,EQUIPO Y HERRAMIENTA.,
CRTC-AONE-005,BANQUETA EN CALLE DE 1.50 M DE ANCHO DE,M
,"CONCRETO ARMADO DE 10 CM DE ESPESOR,",
,ARMADO CON MALLA ELECTROSOLDADA,
,"6X6-10/10, CONCRETO F'C=150 KG/CM2, ACABADO",
,ESCOBILLADO FINO. INCLUYE: PREPARACION DE,
,"LA SUPERFICIE, MATERIAL, MANO DE OBRA,",
,"HERRAMIENTAS, ACARREOS LOCALES, LIMPIEZA",
,Y RETIRO DE SOBRANTES FUERA DE LA OBRA.,
CRTC-AONE-006,ELABORACION DE MACHUELO EN BANQUETA,M
,"SECCION 15x30 CMS, CONCRETO FC=150",
,"KG/CM2, INCLUYE: CIMBRA, MANO DE OBRA,",
,EQUIPO Y HERRAMIENTA,
CRTC-AONE-007,ESCALON DE CONCRETO ARMADO DE 2.28x2.54,PZA
,"M, DE 15 CM DE ESPESOR Y NARIZ DE 5 CM,",
,ARMADO CON MALLA ELECTROSOLDADA,
,6X6-10/10 Y CONCRETO F'C= 150 KG/CM2.,
,"INCLUYE: PREPARACION DE LA SUPERFICIE,",
,"EXCAVACIÓN MANUAL, GUARNICIÓN DE",
,"CONCRETO, CIMBRADO Y DESCIMBRADO,",
,"MATERIAL, MANO DE OBRA, HERRAMIENTAS,",
,"FLETES, ACARREOS LOCALES, LIMPIEZA Y",
,RETIRO DE SOBRANTES FUERA DE LA OBRA.,
,NOTA: INGRESO PRINCIPAL.,
CRTC-AONE-008,ESCALON DE CONCRETO ARMADO DE 2.43x1.19,PZA
,"M, DE 15 CM DE ESPESOR Y NARIZ DE 5 CM,",
,ARMADO CON MALLA ELECTROSOLDADA,
,6X6-10/10 Y CONCRETO F'C= 150 KG/CM2.,
,"INCLUYE: PREPARACION DE LA SUPERFICIE,",
,"EXCAVACIÓN MANUAL, GUARNICIÓN DE",
,"CONCRETO, CIMBRADO Y DESCIMBRADO,",
,"MATERIAL, MANO DE OBRA, HERRAMIENTAS,",
,"FLETES, ACARREOS LOCALES, LIMPIEZA Y",
,RETIRO DE SOBRANTES FUERA DE LA OBRA.,
,NOTA: INGRESO PRINCIPAL.,
6,TOTAL OBRA NEGRA EXTERIOR,
7,ALBAŃILERÍA OBRA GRIS EXTERIOR,
CRTC-AOGE-001,APLANADO EN MUROS CON MORTERO,M2
,"CEMENTO-ARENA 1:5 DE 2.5 CMS. DE ESPESOR,",
,"PROMEDIO, ACABADO FLOTEADO FINO, INCLUYE:",
,"PREPARACION DE LA SUPERFICIE, PERFILADO",
,"DE ARISTAS, BICELES, BOQUILLAS, CHAFLANES,",
,"GOTEROS, MATERIALES, MANO DE OBRA,",
,"HERRAMIENTA, ANDAMIOS, LIMPIEZA Y RETIRO",
,DE SOBRANTES.,
CRTC-AOGE-001.1,APLANADO EN MUROS LATERALES CON,M2
,MORTERO CEMENTO-ARENA 1:5 DE 1.5 CMS. DE,
,"ESPESOR, INCLUYE: PREPARACION DE LA",
,"SUPERFICIE, PERFILADO DE ARISTAS, BICELES,",
,"BOQUILLAS, CHAFLANES, GOTEROS,",
,"MATERIALES, MANO DE OBRA, HERRAMIENTA,",
,"ANDAMIOS, LIMPIEZA Y RETIRO DE SOBRANTES.",
CRTC-AOGE-002,"BOQUILLA EN MUROS DE HASTA 18 CM,",M
,"ACABADO FLOTEADO FINO , CON MEZCLA",
,"CEMENTO ARENA 1:4, INCLUYE: MATERIALES,",
,"MANO DE OBRA, EQUIPO Y HERRAMIENTA.",
7,TOTAL ALBAŃILERÍA OBRA GRIS EXTERIOR,
8,INSTALACION HIDROSANITARIA,
CRTC-IHI-001,"CONEXIÓN A RED HIDRAULICA EXISTENTE DE 3/4""",SAL
,"PARA SUMINISTRO A CISTERNA, INCLUYE:",
,"TUBERIA DE 3/4"", CONEXIONES, MANO DE OBRA Y",
,MATERIALES.,
CRTC-IHI-002,"CONEXIÓN DE CISTERNA A TINACO, INCLUYE:",SAL
,"TUBERIA DE 3/4"", CONEXIONES, MANO DE OBRA Y",
,MATERIALES.,
CRTC-IHI-003,"BAJANTE HIDRAULICO DE 3/4"" PARA MOBILIARIO",PZA
,(ENGLOBA SALIDAS DE AGUA FRÍA Y CALIENTE).,
,"INCLUYE: , TUBERIA DE CPV. DE 1/2"", INCLUYE:",
,"MATERIALES, MANO DE OBRA, HERRAMIENTA,",
,"INSTALACIÓN, PEGAMIENTO, PRUEBAS, EQUIPO,",
,LIMPIEZA Y TODO LO NECESARIO PARA SU,
,CORRECTA EJECUCIÓN.,
CRTC-IHI-004,"SALIDA HIDRAULICA DE 1/2"" PARA MOBILIARIO",SAL
,(ENGLOBA SALIDAS DE AGUA FRÍA Y CALIENTE).,
,"INCLUYE: VALVULA, MANGUERA FLEXIBLE, CODO",
,"DE CPVC, TUBERIA DE CPV. DE 1/2"", INCLUYE:",
,"MATERIALES, MANO DE OBRA, HERRAMIENTA,",
,"INSTALACIÓN, PEGAMIENTO, PRUEBAS, EQUIPO,",
,LIMPIEZA Y TODO LO NECESARIO PARA SU,
,CORRECTA EJECUCIÓN.,
CRTC-IHI-005,"SALIDA SANITARIA DE PVC SANITARIO DE 2"" DE",SAL
,"DIAMETRO INCLUYE: PEGAMENTO, CONEXIONES,",
,"TUBERIA, MANO DE OBRA Y HERRAMIENTAS",
,NECESARIAS PARA SU CORRECTA INSTALACIÓN.,
CRTC-IHI-006,"SALIDA SANITARIA DE PVC SANITARIO DE 4"" DE",SAL
,"DIAMETRO INCLUYE: PEGAMENTO, CONEXIONES,",
,"TUBERIA, MANO DE OBRA Y HERRAMIENTAS",
,NECESARIAS PARA SU CORRECTA INSTALACIÓN.,
CRTC-IHI-007,"SALIDA DE DRENAJE DE AIRE ACONDICIONADO,",SAL
,"CON TUBERÍA DE PVC SANITARIO DE 3/4"" DE",
,"DIÁMETRO. INCLUYE: PEGAMENTO,",
,"CONEXIONES, TUBERIA, MANO DE OBRA Y",
,HERRAMIENTAS NECESARIAS PARA SU,
,CORRECTA INSTALACIÓN.,
CRTC-IHI-008,"CISTERNA ROTOPLAS DE 5,000 LTS, DIÁMETRO:",PZA
,2.38/0.55 M. ALTURA: 1.60 M. POLIETILENO DE,
,ALTA DENSIDAD. CONFINADO CON MURO DE,
,"LADRILLO 10x14x28 CM, CASTILLOS DE 15x15 CM",
,DE ARMEX Y FIRME DE CONCRETO DE 8 CM. (VER,
,ESPECIFICACIONES EN PLANO). INCLUYE:,
,"SUMINISTRO Y COLOCACION, EXCAVACION,",
,"FILTRO JUMBO Y FLOTADOR NO.7. TAPA CLICK,",
,"MANO DE OBRA, EQUIPO Y HERRAMIENTA.",
CRTC-IHI-009,"TINACO MARCA ROTOPLAS, CON CAPACIDAD DE",PZA
,"1100 LT. INCLUYE: SUMINISTRO Y COLOCACION,",
,"FLOTADOR, CONEXIONES, MANO DE OBRA,",
,"MATERIALES, EQUIPO Y HERRAMIENTA.",
CRTC-IHI-010,LAVADERO DE GRANITO CON PILETA.,PZA
,DIMENSIONES 70x70 CM CON MURETES,
,"LATERALES DE LADRILLO ROJO RECOCIDO,",
,ENJARRE Y FLOTEADO. INCLUYE: SUMINISTRO Y,
,"COLOCACION, MANO DE OBRA, CESPOL DE PVC,",
,LLAVE DE CHORRO Y HERRAMIENTA.,
CRTC-IHI-011,"CALENTADOR DE PASO MARCA CINSA, MODELO",PZA
,"CDP-06. INCLUYE: SUMINISTRO Y COLOCACION,",
,"CONEXIONES, MANO DE OBRA Y TODO LO",
,NECESARIO PARA SU CORRECTA CONEXIÓN,
CRTC-IHI-012,"COLADERA DE 24"" PARA DUCHA, MARCA",PZA
,ELEFLOOM DE ACERO INOXIDABLE. INCLUYE:,
,"SUMINISTRO, CONEXIÓN, MANO DE OBRA,",
,"SALIDA, Y TODO LO NECESARIO PARA SU",
,CORRECTA EJECUCION,
CRTC-IHI-013,COLADERA UNIVERSAL PARA INSERTO,PZA
,CERÁMICO DE 10x10 CM MARCA INTERCERAMIC.,
,"INCLUYE: SUMINISTRO Y COLOCACIÓN, MANO DE",
,"OBRA, EQUIPO Y HERRAMIENTA. NOTA: BAŃO DE",
,VISITAS Y PATIO DE SERVICIO,
CRTC-IHI-014,"REJILLA P/COLADERA 30x30 CM, ALUMINIO.",PZA
,"INCLUYE: SUMINISTRO, CONEXIÓN, MANO DE",
,"OBRA, SALIDA, Y TODO LO NECESARIO PARA SU",
,CORRECTA EJECUCION. REGISTROS PLUVIALES,
CRTC-IHI-015,"LLAVE DE CHORRO 4019C MARCA DICA, CON",SAL
,TUBERÍA DE CPVC DE NOTA: LLAVE DE JARDIN Y,
,LAVADERO.,
CRTC-IHI-016,"REGISTRO PLUVIAL DE 0.60X0.40X0.60 M,",PZA
,TABIQUE DE BARRO ROJO RECOCIDO DE 15 CM,
,DE ESPESOR ACABADO COMÚN DE 10X14X28,
,"CM., ASENTADO CON MEZCLA MORTERO",
,"CEM-ARENA EN PROP. 1:5, CON ESPESOR DE",
,"JUNTA 2 CM, CON ACABADO PULIDO EN",
,"INTERIOR. INCLUYE: TRAZO, EXCAVACION,",
,"MATERIAL, MANO DE OBRA, HERRAMIENTA Y",
,RETIRO DE SOBRANTES,
8,TOTAL INSTALACION HIDROSANITARIA,
9,INSTALACION ELÉCTRICA,
CRTC-ELC-001,SALIDA ELECTRICA PARA LUMINARIAS DE,SAL
,"DISTINTOS DISEŃOS, CON UN DESARROLLO DE",
,"5.00 M, INCLUYE: BOTE INTEGRAL Y/O CAJA",
,"CONDUIT CUADRADA DE 3/4"" (19 MM), POLIDUCTO",
,"CONDUIT BICAPA DE 3/4"", CABLEADO,",
,"MATERIALES, MANO DE OBRA, EQUIPO Y",
,HERRAMIENTA.,
CRTC-ELC-002,SALIDA ELECTRICA PARA CONTACTO,SAL
,"DUPLEX2P+T, 127 V, MARCA ESTEVEZ, LINEA",
,"OMEGA, MODELO HC-E70310-BL, CON PLACA Y",
,"CHASIS MARCA ESTEVEZ, LINEA OMEGA,",
,MODELO HC-E723BLA3. INCLUYE: RANURADO,
,"(PISO Y/O MURO), TENDIDO DE POLIDUCTO",
,"CONDUIT BICAPA DE 3/4"", CAJA, CABLEADO,",
,"MATERIALES, MANO DE OBRA, EQUIPO Y",
,HERRAMIENTA.,
CRTC-ELC-003,SALIDA ELECTRICA PARA CONTACTO,SAL
,"DUPLEX2P+T, 127 V, PUESTO FALLA A TIERRA",
,"MARCA STEVEZ MOD. LINEA ALPHA, INCLUYE:",
,"RANURADO (PISO Y/O MURO), TENDIDO DE",
,"POLIDUCTO CONDUIT BICAPA DE 3/4"", CAJA,",
,"CABLEADO, MATERIALES, MANO DE OBRA,",
,EQUIPO Y HERRAMIENTA.,
CRTC-ELC-005,SALIDA ELECTRICA PARA APAGADOR SENCILLO,SAL
,"127 V, MARCA ESTEVEZ, LINEA OMEGA, MODELO",
,"HC-E70101-BL O HC-E70301-BL, CON PLACA Y",
,"CHASIS MARCA ESTEVEZ, LINEA OMEGA,",
,"MODELO HC-E723BLA3, COLOR BLANCO.",
,"INCLUYE: RANURADO (PISO Y/O MURO), TENDIDO",
,"DE POLIDUCTO CONDUIT BICAPA DE 3/4"", CAJA,",
,"CABLEADO, MATERIALES, MANO DE OBRA,",
,EQUIPO Y HERRAMIENTA.,
CRTC-ELC-006,SALIDA ELECTRICA PARA APAGADOR DE 3,SAL
,"VIAS127 V, MARCA ESTEVEZ, LINEA OMEGA, CON",
,"PLACA Y CHASIS, INCLUYE: RANURADO (PISO Y/O",
,"MURO), TENDIDO DE POLIDUCTO CONDUIT",
,"BICAPA DE 3/4"", CAJA, CABLEADO, MATERIALES,",
,"MANO DE OBRA, EQUIPO Y HERRAMIENTA.",
CRTC-ELC-007,SALIDA ELECTRICA PARA EQUIPO DE AIRE,SAL
,"ACONDICIONADO BIFASICO. INCLUYE: DUCTERÍA,",
,CABLEADO Y CONEXIÓN HASTA TABLERO,
,"PRINCIPAL, MANO DE OBRA Y HERRAMIENTA.",
,NOTA: NO INCLUYE SUMINISTRO DE EQUIPO.,
CRTC-ELC-008,"INSTALACION DE ACOMETIDA ELECTRICA, BASE",PZA
,PARA MEDIDOR SEGÚN DISEŃO EN PLANO.,
,"INCLUYE: MANGUERA PAD DE 2"" ALAMBRE PARA",
,"GUIA, CABLE DE ALUMINIO 2+1 CALIBRE 2,",
,EXCAVACIONES Y MANO DE OBRA.,
CRTC-ELC-009,SUMINISTRO Y COLOCACION DE VARILLA DE,PZA
,"TIERRA 1/2""x 3.00 M. INCLUYE: CONECTOR",
,"P/VARILLA, MATERIALES, MANO DE OBRA,",
,EQUIPO Y HERRAMIENTA.,
CRTC-ELC-010,SUMINISTRO Y COLOCACION DE INTERRUPTOR,PZA
,"TERMOMAGNETICO MARCA SQUARE-D, MODELO",
,"QO120, INCLUYE: MATERIALES, MANO DE OBRA,",
,EQUIPO Y HERRAMIENTA.,
CRTC-ELC-011,SUMINISTRO Y COLOCACION DE INTERRUPTOR,PZA
,"TERMOMAGNETICO MARCA SQUARE-D, MODELO",
,"QO220, INCLUYE: MATERIALES, MANO DE OBRA,",
,EQUIPO Y HERRAMIENTA.,
CRTC-ELC-012,SUMINISTRO Y COLOCACION DE CENTRO DE,PZA
,"CARGA TIPO QO-20, CON FRENTE PARA",
,"EMPOTRAR MARCA SQUARE-D, MODELO CARGA",
,"TIPO QO-20, MARCA SQUARE-D, MODELO",
,"QO124M100. BIFASICO INCLUYE: MATERIALES,",
,"MANO DE OBRA, EQUIPO Y HERRAMIENTA.",
CRTC-ELC-013,SUMINISTRO Y COLOCACION DE INTERRUPTOR,PZA
,"GENERAL TIPO QO-2, CON 1 INTERRUPTOR DE",
,"2X60 AMP. INCLUYE: MATERIALES, MANO DE",
,"OBRA, EQUIPO Y HERRAMIENTA.",
CRTC-ELC-014,LUMINARIA DE EMPOTRAR EN TECHO LAMPARA,PZA
,TECNOLITE 12YDLED430MV40B EMPOTRADO EN,
,TECHO BLANCO 12W . INCLUYE: SUMINISTRO Y,
,"COLOCACIÓN, MANO DE OBRA, EQUIPO Y",
,HERRAMIENTA. NOTA: INTERIORES,
CRTC-ELC-015,LUMINARIA DE EMPOTRAR EN TECHO MODELO,PZA
,"DN016B, MARCA PHILIPS; LUZ FRIA, 20 WATTS.",
,"INCLUYE: SUMINISTRO Y COLOCACIÓN, MANO DE",
,"OBRA, EQUIPO Y HERRAMIENTA. NOTA:",
,EXTERIORES Y DOBLE ALTURA,
CRTC-ELC-016,"ARBOTANTE INTERIOR LUPI II 15ETLED18MVCCN,",PZA
,"LUZ BLANCA DE 15 W, MARCA TECNOLITE.",
,"INCLUYE: SUMINISTRO Y COLOCACIÓN, MANO DE",
,"OBRA, EQUIPO Y HERRAMIENTA",
CRTC-ELC-017,"ARBOTANTE INTERIOR FEZ 60TL1890MVOP,",PZA
,MARCA TECNOLITE. INCLUYE: SUMINISTRO Y,
,"COLOCACIÓN, MANO DE OBRA, EQUIPO Y",
,HERRAMIENTA. RECÁMARAS,
CRTC-ELC-018,ARBOTANTE EXTERIOR TOLEDO I H-1075/AN CON,PZA
,"FOCO LED A19-LED/012/30, LUZ CALIDA, MARCA",
,TECNOLITE. INCLUYE: SUMINISTRO Y,
,"COLOCACIÓN, MANO DE OBRA, EQUIPO Y",
,HERRAMIENTA,
CRTC-ELC-019,SUMINISTRO Y COLOCACIÓN DE TIRA LED TIPO,M
,MANGUERA NEON MODELO QOPQ16-21 3000K.,
,MARCA TOTALITE. INCLUYE: SUMINISTRO Y,
,"COLOCACIÓN, DRIVER, MANO DE OBRA, EQUIPO",
,Y HERRAMIENTA.,
CRTC-ELC-020,LAMPARA COCINA IRENA II 60CTL8324MVDCA,PZA
,"CON FOCO LED 4DTLED12FL22VCT, LUZ AMBAR",
,MARCA TECNOLITE.,
9,TOTAL INSTALACION ELÉCTRICA,
10,INSTALACION PLUVIAL,
CRTC-PLU-001,SUMINISTRO Y COLOCACION DE BAJANTE,PZA
,"PLUVIAL DE TUBO PVC DE 4"" DE 0.00 A 6.50 M DE",
,"ALTURA, INCLUYE: ARMEX 15X15 POR AMBOS",
,"LADOS, CODOS, CONEXIONES PARA FIJACION A",
,"ESTRUCTURA, ANDAMIOS Y MANO DE OBRA",
CRTC-PLU-002,"SALIDA PLUVIAL DE PVC SANITARIO DE 4"" DE",SAL
,DIAMETRO PARA REJILLAS EN JARDINES.,
,"INCLUYE: EXCAVACIONES HASTA 50 CM,",
,"PEGAMENTO, CONEXIONES, TUBERIA, MANO DE",
,OBRA Y HERRAMIENTAS NECESARIAS PARA SU,
,CORRECTA INSTALACIÓN.,
CRTC-PLU-003,"REGISTRO PLUVIAL DE 0.60X0.40X0.60 M,",PZA
,TABIQUE DE BARRO ROJO RECOCIDO DE 15 CM,
,DE ESPESOR ACABADO COMÚN DE 10X14X28,
,"CM., ASENTADO CON MEZCLA MORTERO",
,"CEM-ARENA EN PROP. 1:5, CON ESPESOR DE",
,"JUNTA 2 CM, CON ACABADO PULIDO EN",
,"INTERIOR. INCLUYE: TRAZO, EXCAVACION,",
,"MATERIAL, MANO DE OBRA, HERRAMIENTA Y",
,RETIRO DE SOBRANTES,
CRTC-PLU-004,TENDIDO DE TUBERÍA PLUVIAL DE PVC,M
,"SANITARIO DE 4"" DE DIAMETRO. INCLUYE:",
,"PEGAMENTO, CONEXIONES, TUBERIA, MANO DE",
,OBRA Y HERRAMIENTAS NECESARIAS PARA SU,
,CORRECTA INSTALACIÓN.,
10,TOTAL INSTALACION PLUVIAL,
11,INSTALACION DE GAS,
CRTC-GAS-001,TANQUE DE GAS ESTACIONARIO Y LINEA DE,PZA
,"LLENADO, CON TUBERIA DE COBRE TIPO L DE 1""",
,"Y DESARROLLO DE 12 M. INCLUYE: CONEXIONES,",
,"VÁLVULAS, MANO DE OBRA, EQUIPO Y",
,HERRAMIENTA.,
CRTC-GAS-002,"SALIDA DE GAS DE 1/2"". INCLUYE: MATERIALES,",PZA
,"MANO DE OBRA, EQUIPO Y HERRAMIENTA.",
11,TOTAL INSTALACION DE GAS,
12,INSTALACIONES ESPECIALES,
CRTC-ESP-001,SALIDA PARA TELEVISION. INCLUYE: PLACA DE 3,PZA
,"MODULOS HC-E723BLA3, TOMA COAXIAL",
,"HC-E70113-BL, Y 2 TAPONES CIEGOS",
,"HC-E70111-BL, MARCA ESTEVES, LINEA OMEGA;",
,"MANO DE OBRA, HERRAMIENTA, RANURADO EN",
,"MURO, LIMPIEZA DE AREA Y TODO LO",
,NECESARIO PARA SU CORRECTA EJECUCIÓN,
CRTC-ESP-003,DUCTERÍA PARA INSTALACIÓN DE EQUIPO DE,PZA
,AIRE ACONDICIONADO EN TUBO DE PVC,
,"SANITARIO DE 3"". INCLUYE: SUMINISTRO Y",
,"COLOCACIÓN DE TUBO, MANO DE OBRA, EQUIPO",
,Y HERRAMIENTA.,
12,TOTAL INSTALACIONES ESPECIALES,
13,ACABADOS,
CRTC-ACA-001,PINTURA VINILICA LINEA MULTITONO PRO MARCA,M2
,"BEREL EN MUROS, TRABAJO TERMINADO,",
,CUALQUIER ALTURA. INCLUYE: SUMINISTRO Y,
,"APLICACIÓN DE PINTURA, PREPARACION DE LA",
,"SUPERFICIE, REBABEAR, PLASTE NECESARIO,",
,"SELLADOR, ANDAMIOS, LIMPIEZA Y RETIRO",
,DESOBRANTES FUERA DE LA OBRA.,
CRTC-ACA-002,PINTURA VINILICA LINEA MULTITONO PRO MARCA,M2
,"BEREL EN PLAFONES, TRABAJO TERMINADO,",
,CUALQUIER ALTURA. INCLUYE: SUMINISTRO Y,
,"APLICACIÓN DE PINTURA, PREPARACION DE LA",
,"SUPERFICIE, REBABEAR, PLASTE NECESARIO,",
,"SELLADOR, ANDAMIOS, LIMPIEZA Y RETIRO DE",
,SOBRANTES FUERA DE LA OBRA.,
CRTC-ACA-003,SUMINISTRO Y COLOCACION DE PASTO.INCLUYE:,M2
,"INSTALACION, TIERRA VEGETA, NIVELACIÓN Y",
,LIMPIEZA,
CRTC-ACA-004,"PISO DURABODY, RUBIERA CASTAŃO DE 15x50",M2
,"CM, ACABADO MATE, ESTILO MADERA, MARCA",
,"INTERCERAMIC, ASENTADO CON PEGAPISO.",
,"INCLUYE: SUMINISTRO Y COLOCACIÓN,",
,"ACARREOS, CORTES, JUNTEADOR, ANCLAS Y",
,"CUŃAS MARCA TRUPER, MANO DE OBRA, EQUIPO",
,Y HERRAMIENTA. NOTA: PISO GENERAL.,
CRTC-ACA-005,"ZOCLO PISO DURABODY, RUBIERA CASTAŃO DE",M
,"15x50 CM, ACABADO MATE, ESTILO MADERA,",
,"MARCA INTERCERAMIC, ASENTADO CON",
,PEGAPISO. INCLUYE: SUMINISTRO Y,
,"COLOCACIÓN, ACARREOS, CORTES, JUNTEADOR,",
,"ANCLAS Y CUŃAS MARCA TRUPER, MANO DE",
,"OBRA, EQUIPO Y HERRAMIENTA. NOTA: PISO",
,GENERAL.,
CRTC-ACA-006,"FORRADO DE REPISÓN DE 3.00 M DE LARGO,",PZA
,"CON PISO DURABODY, RUBIERA CASTAŃO DE",
,"15x50 CM, ACABADO MATE, ESTILO MADERA,",
,"MARCA INTERCERAMIC, ASENTADO CON",
,"PEGAPISO. INCLUYE: VISTA FRONTAL,",
,"SUMINISTRO Y COLOCACIÓN, ACARREOS,",
,"CORTES, JUNTEADOR, ANCLAS Y CUŃAS MARCA",
,"TRUPER, MANO DE OBRA, EQUIPO Y",
,HERRAMIENTA. NOTA: COCINA,
CRTC-ACA-007,"FORRADO DE REPISÓN DE 2.78 M DE LARGO,",PZA
,"CON PISO DURABODY, RUBIERA CASTAŃO DE",
,"15x50 CM, ACABADO MATE, ESTILO MADERA,",
,"MARCA INTERCERAMIC, ASENTADO CON",
,"PEGAPISO. INCLUYE: VISTA FRONTAL,",
,"SUMINISTRO Y COLOCACIÓN, ACARREOS,",
,"CORTES, JUNTEADOR, ANCLAS Y CUŃAS MARCA",
,"TRUPER, MANO DE OBRA, EQUIPO Y",
,HERRAMIENTA. NOTA: CLOSET DE RECÁMARA 1.,
CRTC-ACA-008,PISO DURABODY MODELO NOVATERRA SABBIA,M2
,"DE 60x120 CM, ACABADO MATE, ESTILO PIEDRA,",
,"MARCA INTERCERAMIC, ASENTADO CON",
,PEGAPISO. INCLUYE: SUMINISTRO Y,
,"COLOCACIÓN, ACARREOS, CORTES, JUNTEADOR,",
,"ANCLAS Y CUŃAS MARCA TRUPER, MANO DE",
,"OBRA, EQUIPO Y HERRAMIENTA. NOTA: BAŃO",
,RECÁMARA 1,
CRTC-ACA-009,"CHAROLA DE REGADERA DE 1.58 M2, CON PISO",PZA
,DURABODY MODELO NOVATERRA SABBIA DE,
,"60x120 CM, ACABADO MATE, ESTILO PIEDRA,",
,MARCA INTERCERAMIC. INCLUYE: SUMINISTRO Y,
,"COLOCACIÓN, ACARREOS, CORTES, JUNTEADOR,",
,"ANCLAS Y CUŃAS MARCA TRUPER, MANO DE",
,"OBRA, EQUIPO Y HERRAMIENTA. NOTA: BAŃO",
,RECÁMARA 1,
CRTC-ACA-010,"AZULEJO CERÁMICO MYLO DE 60x60 CM,",M2
,"RECTIFICADO, TIPO MARMOL, ACABADO MATE,",
,MARCA CESANTONI. INCLUYE: SUMINISTRO Y,
,"COLOCACIÓN, ACARREOS, CORTES, JUNTEADOR,",
,"ANCLAS Y CUŃAS MARCA TRUPER, MANO DE",
,"OBRA, EQUIPO Y HERRAMIENTA. NOTA: BAŃO",
,RECÁMARA 1,
CRTC-ACA-011,FORRADO DE JABONERA 0.30 M DE LARGO POR,PZA
,0.35 M DE ALTO; CON AZULEJO CERÁMICO MYLO,
,"DE 60x60 CM, RECTIFICADO, TIPO MARMOL,",
,"ACABADO MATE, MARCA CESANTONI. INCLUYE:",
,"SUMINISTRO Y COLOCACIÓN, ACARREOS,",
,"CORTES, JUNTEADOR, ANCLAS Y CUŃAS MARCA",
,"TRUPER, MANO DE OBRA, EQUIPO Y",
,HERRAMIENTA. NOTA: BAŃO RECÁMARA 1,
CRTC-ACA-012,AZULEJO CERÁMICO BRERA MARFIL DE 60x60,M2
,"CM, DURABODY, ACABADO MATE, MARCA",
,INTERCERAMIC. INCLUYE: SUMINISTRO Y,
,"COLOCACIÓN, ACARREOS, CORTES, JUNTEADOR,",
,"ANCLAS Y CUŃAS MARCA TRUPER, MANO DE",
,"OBRA, EQUIPO Y HERRAMIENTA. NOTA: BAŃO",
,RECÁMARA 1,
CRTC-ACA-013,FORRADO DE BARRA DE SUPERFICIE 0.93 x 0.50,PZA
,"M, CON PISO DURABODY NOVATERRA IVORY DE",
,"60x120 CM, ACABADO MATE, MARCA",
,INTERCERAMIC. INCLUYE: SUMINISTRO Y,
,"COLOCACIÓN, ACARREOS, CORTES, VISTAS,",
,"JUNTEADOR, ANCLAS Y CUŃAS MARCA TRUPER,",
,"MANO DE OBRA, EQUIPO Y HERRAMIENTA. NOTA:",
,BAŃO RECÁMARA 1,
CRTC-ACA-014,"FORRADO DE REPISÓN DE 2.00 M DE LARGO,",PZA
,"CON PISO DURABODY, RUBIERA CASTAŃO DE",
,"15x50 CM, ACABADO MATE, ESTILO MADERA,",
,"MARCA INTERCERAMIC, ASENTADO CON",
,"PEGAPISO. INCLUYE: VISTA FRONTAL,",
,"SUMINISTRO Y COLOCACIÓN, ACARREOS,",
,"CORTES, JUNTEADOR, ANCLAS Y CUŃAS MARCA",
,"TRUPER, MANO DE OBRA, EQUIPO Y",
,HERRAMIENTA. NOTA: CLOSET DE RECÁMARA 1.,
CRTC-ACA-015,PISO DURABODY MODELO NOVATERRA SABBIA,M2
,"DE 60x120 CM, ACABADO MATE, ESTILO PIEDRA,",
,"MARCA INTERCERAMIC, ASENTADO CON",
,PEGAPISO. INCLUYE: SUMINISTRO Y,
,"COLOCACIÓN, ACARREOS, CORTES, JUNTEADOR,",
,"ANCLAS Y CUŃAS MARCA TRUPER, MANO DE",
,"OBRA, EQUIPO Y HERRAMIENTA. NOTA: BAŃO",
,RECÁMARA 2,
CRTC-ACA-016,"CHAROLA DE REGADERA DE 1.50 M2, CON PISO",PZA
,DURABODY MODELO NOVATERRA SABBIA DE,
,"60x120 CM, ACABADO MATE, ESTILO PIEDRA,",
,MARCA INTERCERAMIC. INCLUYE: SUMINISTRO Y,
,"COLOCACIÓN, ACARREOS, CORTES, JUNTEADOR,",
,"ANCLAS Y CUŃAS MARCA TRUPER, MANO DE",
,"OBRA, EQUIPO Y HERRAMIENTA. NOTA: BAŃO",
,RECÁMARA 2,
CRTC-ACA-017,FORRADO DE JABONERA DE 1.58 M DE LARGO,PZA
,POR 0.30 M DE ALTO; CON AZULEJO CERÁMICO,
,"MYLO DE 60x60 CM, RECTIFICADO, TIPO MARMOL,",
,"ACABADO MATE, MARCA CESANTONI. INCLUYE:",
,"SUMINISTRO Y COLOCACIÓN, ACARREOS,",
,"CORTES, JUNTEADOR, ANCLAS Y CUŃAS MARCA",
,"TRUPER, MANO DE OBRA, EQUIPO Y",
,HERRAMIENTA. NOTA: BAŃO RECÁMARA 2,
CRTC-ACA-018,"AZULEJO CERÁMICO MYLO DE 60x60 CM,",M2
,"RECTIFICADO, TIPO MARMOL, ACABADO MATE,",
,MARCA CESANTONI. INCLUYE: SUMINISTRO Y,
,"COLOCACIÓN, ACARREOS, CORTES, JUNTEADOR,",
,"ANCLAS Y CUŃAS MARCA TRUPER, MANO DE",
,"OBRA, EQUIPO Y HERRAMIENTA. NOTA: BAŃO",
,RECÁMARA 2,
CRTC-ACA-019,AZULEJO CERÁMICO BRERA MARFIL DE 60x60,M2
,"CM, DURABODY, ACABADO MATE, MARCA",
,INTERCERAMIC. INCLUYE: SUMINISTRO Y,
,"COLOCACIÓN, ACARREOS, CORTES, JUNTEADOR,",
,"ANCLAS Y CUŃAS MARCA TRUPER, MANO DE",
,"OBRA, EQUIPO Y HERRAMIENTA. NOTA: BAŃO",
,RECÁMARA 2,
CRTC-ACA-020,FORRADO DE BARRA DE SUPERFICIE 1.00 x 0.60,PZA
,"M, CON PISO DURABODY NOVATERRA SABBIA DE",
,"60x120 CM, ACABADO MATE, MARCA",
,INTERCERAMIC. INCLUYE: SUMINISTRO Y,
,"COLOCACIÓN, ACARREOS, CORTES, VISTAS,",
,"JUNTEADOR, ANCLAS Y CUŃAS MARCA TRUPER,",
,"MANO DE OBRA, EQUIPO Y HERRAMIENTA. NOTA:",
,BAŃO RECÁMARA 2,
CRTC-ACA-021,"PISO DURABODY BRERA MARFIL DE 60x60 CM,",M2
,"ACABADO MATE, MARCA INTERCERAMIC.",
,"INCLUYE: SUMINISTRO Y COLOCACIÓN,",
,"ACARREOS, CORTES, VISTAS, JUNTEADOR,",
,"ANCLAS Y CUŃAS MARCA TRUPER, MANO DE",
,"OBRA, EQUIPO Y HERRAMIENTA. NOTA: BAŃO DE",
,VISITAS,
CRTC-ACA-022,AZULEJO RECTIFICADO BLISS SATIN WHITE DE,M2
,"30x60 CM, 3D, BLANCO SOLIDO, ACABADO",
,SATINADO. INCLUYE: SUMINISTRO Y,
,"COLOCACIÓN, ACARREOS, CORTES, JUNTEADOR,",
,"ANCLAS Y CUŃAS MARCA TRUPER, MANO DE",
,"OBRA, EQUIPO Y HERRAMIENTA. NOTA: BAŃO DE",
,VISITAS.,
CRTC-ACA-023,AZULEJO ELARA RECTIFICADO IVORY DE 60x120,M2
,"CM, DURABODY ESTILO MARMOL, ACABADO",
,BRILLANTE. INCLUYE: SUMINISTRO Y,
,"COLOCACIÓN, ACARREOS, CORTES, JUNTEADOR,",
,"ANCLAS Y CUŃAS MARCA TRUPER, MANO DE",
,"OBRA, EQUIPO Y HERRAMIENTA. NOTA: BAŃO DE",
,VISITAS.,
CRTC-ACA-024,FORRADO DE BARRA DE SUPERFICIE 0.60 x 0.60,PZA
,"M, CON PISO DURABODY ELARA RECTIFICADO",
,"IVORY DE 60x120 CM, ACABADO BRILLANTE,",
,MARCA INTERCERAMIC. INCLUYE: SUMINISTRO Y,
,"COLOCACIÓN, ACARREOS, CORTES, VISTAS,",
,"JUNTEADOR, ANCLAS Y CUŃAS MARCA TRUPER,",
,"MANO DE OBRA, EQUIPO Y HERRAMIENTA. NOTA:",
,BAŃO DE VISITAS,
CRTC-ACA-025,PISO DURABODY NOVATERRA IVORY DE 60x120,M2
,"CM, RECTIFICADO, ESTILO PIEDRA, ACABADO",
,"MATE, FORMATO EXTRA GRANDE DE 60x120 CM,",
,"MARCA INTERCERAMIC, ASENTADO CON",
,PEGAPISO. INCLUYE: SUMINISTRO Y,
,"COLOCACIÓN, ACARREOS, CORTES, JUNTEADOR,",
,"ANCLAS Y CUŃAS MARCA TRUPER, MANO DE",
,"OBRA, EQUIPO Y HERRAMIENTA. NOTA:",
,EXTERIOR Y PATIO DE SERVICIO,
CRTC-ACA-026,ZOCLO DEPISO DURABODY NOVATERRA IVORY,M
,"DE 60x120 CM, RECTIFICADO, ESTILO PIEDRA,",
,"ACABADO MATE, FORMATO EXTRA GRANDE DE",
,"60x120 CM, MARCA INTERCERAMIC, ASENTADO",
,CON PEGAPISO. INCLUYE: SUMINISTRO Y,
,"COLOCACIÓN, ACARREOS, CORTES, JUNTEADOR,",
,"ANCLAS Y CUŃAS MARCA TRUPER, MANO DE",
,"OBRA, EQUIPO Y HERRAMIENTA. NOTA:",
,EXTERIOR Y PATIO DE SERVICIO,
CRTC-ACA-027,BOQUILLA CORTE A 45 DEPISO DURABODY,M
,"NOVATERRA IVORY DE 60x120 CM, RECTIFICADO,",
,"ESTILO PIEDRA, ACABADO MATE, FORMATO",
,"EXTRA GRANDE DE 60x120 CM, MARCA",
,"INTERCERAMIC, ASENTADO CON PEGAPISO.",
,"INCLUYE: SUMINISTRO Y COLOCACIÓN,",
,"ACARREOS, CORTES, JUNTEADOR, ANCLAS Y",
,"CUŃAS MARCA TRUPER, MANO DE OBRA, EQUIPO",
,Y HERRAMIENTA. NOTA: EXTERIOR Y PATIO DE,
,SERVICIO,
CRTC-ACA-029,CONCRETO EN MURO DE FACHADA JARDINERA,M2
13,TOTAL ACABADOS,
14,MUEBLES Y ACCESORIOS DE BAŃO,
CRTC-MAB-001,"SANITARIO DE UNA PIEZA, LÍNEA DAVOS, MARCA",PZA
,"INTERCERAMIC; DOBLE DESCARGA, CON",
,VÁLVULAS Y ASIENTO DE CIERRE LENTO.,
,"INCLUYE: SUMINISTRO Y COLOCACIÓN, MANO DE",
,"OBRA, EQUIPO Y HERRAMIENTA.",
CRTC-MAB-002,LAVABO PARA BAŃO  KUUN 1 TAL,PZA
,INC/MONOMANDO FIG.LV1003A021 URREA.,
,"INCLUYE: SUMINISTRO Y COLOCACIÓN, CONTRA",
,"PUSH, SIN REBOSADERO PARA LAVABO, CESPOL",
,"MARCA URREA,Y ACCESORIOS, MANO DE OBRA,",
,EQUIPO Y HERRAMIENTA.,
CRTC-MAB-004,CONJUNTO DE REGADERA LINEA NIAGARA,PZA
,"TERMINADO EN CROMO PULIDO, MARCA",
,INTERCEAMIC. INCLUYE: SUMINISTRO Y,
,"COLOCACIÓN, LLAVE MONOMANDO, BRAZO Y",
,CHAPETÓN.,
CRTC-MAB-005,TARJA DE ACERO INOXIDABLE CON ESCURRIDOR,PZA
,IZQUIERDO TS7545-2N. INCLUYE: SUMINISTRO Y,
,"COLOCACIÓN, COLADOR, TAPETE DE SILICÓN,",
,"LLAVE MONOMANDO CON ROCIADOR EXTRAIBLE,",
,"INCLUYE; CESPOL, LLAVES ANGULARES MANO",
,DE OBRA Y HERRAMIENTA.,
CRTC-MAB-010,SUMINISTRO Y COLOCACION DE KIT URREA 1002,PZA
,CL JUEGO DE 4 PIEZAS DE ACCESORIOS,
,"MODERNOS PARA BAŃO, LATÓN Y ACERO",
,INOXIDABLE CROMADOS,
14,TOTAL MUEBLES Y ACCESORIOS DE BAŃO,
15,7. ALUMINIOS Y CRISTAL,
CRTC-ALUM-001,"V1- VENTANA DE 1.25 x 1.20 (a x h), COMPUESTO",PZA
,POR DOS CORREDIZOS CON JALADERA DE,
,EMBUTIR; EN ALUMINIO NEGRO CON CRISTAL,
,CLARO DE 6 mm. INCLUYE: SUMINISTRO Y,
,"COLOCACIÓN, MANO DE OBRA Y HERRAMIENTA.",
,(RECAMARA),
CRTC-ALUM-002,"V2- VENTANAL DE 1.00 x 0.50 (a x h), COMPUESTO",PZA
,POR DOS CORREDIZOS CON JALADERA DE,
,EMBUTIR EN ALUMINIO NEGRO CON CRISTAL,
,CLARO DE 6 mm. INCLUYE: SUMINISTRO Y,
,"COLOCACIÓN, MANO DE OBRA Y",
,HERRAMIENTA.(BAŃO),
CRTC-ALUM-003,"V3- VENTANA DE 0.70 x 0.40 (a x h), COMPUESTO",PZA
,POR DOS CORREDIZOS CON JALADERA DE,
,EMBUTIR; EN ALUMINIO NEGRO CON CRISTAL,
,CLARO DE 6 mm. INCLUYE: SUMINISTRO Y,
,"COLOCACIÓN, MANO DE OBRA Y",
,HERRAMIENTA.(BAŃO),
CRTC-ALUM-004,"V4- VENTANA DE 1.50 x 1.20 (a x h), COMPUESTO",PZA
,POR DOS CORREDIZOS CON JALADERA DE,
,EMBUTIR; EN ALUMINIO NEGRO CON CRISTAL,
,CLARO DE 6 mm. INCLUYE: SUMINISTRO Y,
,"COLOCACIÓN, MANO DE OBRA Y HERRAMIENTA.",
,(COCINA),
CRTC-ALUM-005,"V5- VENTANA DE 1.60 x 1.20 (a x h), COMPUESTO",PZA
,POR DOS CORREDIZOS CON JALADERA DE,
,EMBUTIR; EN ALUMINIO NEGRO CON CRISTAL,
,CLARO DE 6 mm. INCLUYE: SUMINISTRO Y,
,"COLOCACIÓN, MANO DE OBRA Y HERRAMIENTA.",
,(RECAMARA),
CRTC-ALUM-006,"V6- VENTANA DE 1.00 x 1.20 (a x h), COMPUESTO",PZA
,POR DOS CORREDIZOS CON JALADERA DE,
,EMBUTIR; EN ALUMINIO NEGRO CON CRISTAL,
,CLARO DE 6 mm. INCLUYE: SUMINISTRO Y,
,"COLOCACIÓN, MANO DE OBRA Y HERRAMIENTA.",
,(CUARTO DE SERVICO),
CRTC-ALUM-007,"V7- VENTANA IRREGULAR PARA DOBLE ALTURA,",PZA
,"4.00 M2 DE SUPERFICIE, FIJA; EN ALUMINIO",
,NEGRO CON CRISTAL CLARO DE 6 mm. INCLUYE:,
,"SUMINISTRO Y COLOCACIÓN, MANO DE OBRA Y",
,HERRAMIENTA. (SALA),
CRTC-ALUM-008,"P1- PUERTA DE 3.70 x 2.20 (a x h), COMPUESTO",PZA
,POR DOS CORREDIZOS CON JALADERA DE,
,EMBUTIR; EN ALUMINIO NEGRO CON CRISTAL,
,CLARO DE 6 mm. INCLUYE: SUMINISTRO Y,
,"COLOCACIÓN, MANO DE OBRA Y HERRAMIENTA.",
,(SALIDA A PATIO),
CRTC-ALUM-009,"P2- PUERTA DE 3.35 x 2.20 (a x h), COMPUESTO",PZA
,POR DOS CORREDIZOS CON JALADERA DE,
,EMBUTIR;; EN ALUMINIO NEGRO CON CRISTAL,
,CLARO DE 6 mm. INCLUYE: SUMINISTRO Y,
,"COLOCACIÓN, MANO DE OBRA Y HERRAMIENTA.",
,(SALIDA A TERRAZA),
CRTC-ALUM-010,"P3- PUERTA ABATIBLE DE 0.90 x 2.20 (a x h), CON",PZA
,JALADERA UNIVERSAL; EN ALUMINIO NEGRO,
,DUELA DOBLE. INCLUYE: SUMINISTRO Y,
,"COLOCACIÓN, MANO DE OBRA Y HERRAMIENTA.",
,(PATIO DE SERVICIO),
CRTC-ALUM-011,M1- CANCEL DE BAŃO EN CRISTAL TEMPLADO,PZA
,"CLARO DE 6 mm, COMPUESTO POR UNA",
,ABATIBLE DE 1.00 x 1.80 (a x h),
,RESPECTIVAMENTE. INCLUYE: SUMINISTRO Y,
,"COLOCACIÓN, MANO DE OBRA, HERRAMIENTA Y",
,EQUIPO. (BAŃO PRINCIPAL),
CRTC-ALUM-012,M2- CANCEL DE BAŃO EN CRISTAL TEMPLADO,PZA
,"CLARO DE 9 mm, COMPUESTO POR UN FIJO Y",
,UNA ABATIBLE DE 0.60 x 1.80 Y 0.60 x 1.80 (a x h),
,RESPECTIVAMENTE. INCLUYE: SUMINISTRO Y,
,"COLOCACIÓN, MANO DE OBRA, HERRAMIENTA Y",
,EQUIPO. (BAŃO POSTERIOR),
15,TOTAL 7. ALUMINIOS Y CRISTAL,
16,CARPINTERÍA,
CRTC-CARP-002,PUERTA INTERIOR ABATIBLE DE 0.70 A 1.00 M DE,PZA
,ANCHO x 2.20 DE ALTO. INCLUYE: SUMINISTRO Y,
,"COLOCACIÓN, MATERIALES, MANO DE OBRA,",
,HERRAMIENTA Y TODO LO NECESARIO PARA SU,
,CORRECTA INSTALACIÓN.,
CRTC-CARP-003,COCINA INTEGRAL. INCLUYE: SUMINISTRO Y,PZA
,"COLOCACIÓN, PUERTAS MODELO LINE BLANCO",
,"BRILLANTE INNOVIKA, PUERTAS MDF CHAPA DE",
,"PAROTA, MUEBLES INTERIORES BLANCO,",
,"BISAGRAS BIDIMENSIONALES, CORREDERAS",
,"TANDEMBOX MERIVOBOX, JALADERA DE",
,"ALUMINIO MODELO ANGARA, ESTRUCTURA",
,"METÁLICA EN ISLA, PISO ANTIFUGAS BAJO",
,FREGADERO.,
CRTC-CARP-005,CLOSET PARA RECÁMARA DE 1.95M DE LARGO.,PZA
,"INCLUYE: SUMINISTRO Y COLOCACIÓN, MUEBLE",
,"Y PUERTAS EN MULTIPLAY DE PAROTA,",
,"BISAGRAS, TERMINADO CON BARNIZ",
CRTC-CARP-006,CLOSET PARA RECÁMARA DE 2.50 M DE LARGO.,PZA
,"INCLUYE: SUMINISTRO Y COLOCACIÓN, MUEBLE",
,"Y PUERTAS EN MULTIPLAY DE PAROTA,",
,"BISAGRAS, TERMINADO CON BARNIZ.",
16,TOTAL CARPINTERÍA,
1,TOTAL CASA COMALA L13,
